"","Chisq","Df","Pr(>Chisq)"
"Group",11.3650269212803,4,0.0227538873125826
"Density",2.37536110941117,1,0.123263091973413
"Group:Density",3.86239660394634,4,0.424948630927086
