"","Chisq","Df","Pr(>Chisq)"
"Group",36.152149665871,4,2.6924612586682e-07
"Density",0.152387173050911,1,0.696264449132328
"Group:Density",2.86657983291912,4,0.580395390649085
