"","Chisq","Df","Pr(>Chisq)"
"Group",12.5429139240151,4,0.0137392265844693
"Density",1.07093454232182,1,0.300734450226296
"Group:Density",0.99200533931979,4,0.911005808686606
