"","contrast","odds.ratio","SE","df","null","t.ratio","p.value"
"1","H / L",0.762595518133332,0.115074012218422,48,1,-1.79609939214615,0.0787739813441772
