"","Chisq","Df","Pr(>Chisq)"
"Group",10.7442788802704,4,0.0295933926141039
"Density",0.583920451819554,1,0.444779718882798
"Group:Density",5.18965282748135,4,0.26838555098976
