"","Chisq","Df","Pr(>Chisq)"
"Group",12.0404972261632,4,0.01705264456716
"Density",0.985255489904778,1,0.320904745532667
"Group:Density",10.4842991137934,4,0.0330139541598829
