"","Chisq","Df","Pr(>Chisq)"
"Group",11.9415807422784,4,0.0177910144263734
"Density",3.98454643695474,1,0.0459194619686258
"Group:Density",4.76423803351138,4,0.312354482060607
