"","Chisq","Df","Pr(>Chisq)"
"Group",3.46805709713588,4,0.482751925888621
"Density",2.17589124399033,1,0.140188281528477
"Group:Density",0.788027794918287,4,0.940045861867385
