"","Chisq","Df","Pr(>Chisq)"
"Group",2.3816745555141,4,0.665941474530603
"Density",1.44978370215488,1,0.228562662494499
"Group:Density",6.70534005411711,4,0.152303418891483
