"","Chisq","Df","Pr(>Chisq)"
"Group",8.9700072214931,4,0.0618535454313657
"Density",0.138249260804082,1,0.710027724442732
"Group:Density",5.2255553384553,4,0.264927054933785
